22f_bt_speeches#480	自由だー!
22f_bt_speeches#481	この靴がうれしくてたまらないの!
22f_bt_speeches#482	勉強になるなあ!
22f_bt_speeches#483	生徒たちを連れてくるのにいい場所を探してるんだ!
22f_bt_speeches#484	ぼくはどちらかというと機械いじり派だけど、たまには息抜きもしたくてね。
22f_bt_speeches#485	あたしはただの女の子じゃないんだから!
22f_bt_speeches#486	ふだんはジムトレーナーだけど、今日は休みなんだ。
22f_bt_speeches#487	いつもうまくバランスを取れるわけじゃなくてね...
22f_bt_speeches#488	年寄りじゃない! 経験ゆたかなベテランだ!
22f_bt_speeches#489	このバイト、自分に合ってたのかな...
22f_bt_speeches#490	最高の気分だ!
22f_bt_speeches#491	ノリにノってるぜ!
22f_bt_speeches#492	のどがカラカラだ!
22f_bt_speeches#493	バトルのある世界に生まれてよかった!
22f_bt_speeches#494	頭にくる! 今朝クビになったんだ!
22f_bt_speeches#495	頂上はまだまだ遠いけど、きっとたどり着いてみせる!
22f_bt_speeches#496	ぼく、強いでしょ?
22f_bt_speeches#497	本当は今、勉強してるはずなんだけど...
22f_bt_speeches#498	背、高いよね? 大人に見えると思う?
22f_bt_speeches#499	偉大なる騎士フランカだぞ! なぜ負けるのだ?
22f_bt_speeches#500	あたしがいちばんかわいいトレーナーよ!
22f_bt_speeches#501	仕事をやめてミュージシャンになろうと思ってるんだ。
22f_bt_speeches#502	疲れたけど、いい気分だ!
22f_bt_speeches#503	ポケモンの応急手当を勉強中なんだ。きみのポケモンを診せてよ。
22f_bt_speeches#504	ライフセーバーを目指して訓練中なんだ。バトルしながら練習してもいい?
22f_bt_speeches#505	あいつらの歴史について本を書こうとしてるんだ...
22f_bt_speeches#506	フラベベを育ててるんだけど- え、それってくさタイプじゃないってどういうこと?
22f_bt_speeches#507	これでわたしは忘れられない存在ね!
22f_bt_speeches#508	昇進がかかっててね。練習相手になってもらえないかな?
22f_bt_speeches#509	言っとくけどな、オレとバトルするのはみんないやがるんだぜ!
22f_bt_speeches#510	言っておくけど、負けないからね!
22f_bt_speeches#511	本を書いてるんだ! いいひらめきをくれよ。
22f_bt_speeches#512	昔から根っからの旅人でね。
22f_bt_speeches#513	昔からバトルが大好きだったんだ...
22f_bt_speeches#514	何週間もいい相手を探してたんだ!
22f_bt_speeches#515	リボーンでいちばんのトレッキングコースを探してるんだ。あちこち回ってるんだろ? おすすめはある?
22f_bt_speeches#516	最新の発明品に取り組んでるんだ!
22f_bt_speeches#517	これのために彼氏のポケモンを借りてきたの!
22f_bt_speeches#518	日課のめい想を終えたところだ。ひとつバトルでもどうかな?
22f_bt_speeches#519	知ってることは全部お母さんに教わったの!
22f_bt_speeches#520	あんなオーラは見たことがない!
22f_bt_speeches#521	頂上にたどり着いたぞ!
22f_bt_speeches#522	まだまだ学ぶことが多いな。
22f_bt_speeches#523	今日は出た試合、全部勝ってるんだ!
22f_bt_speeches#524	ぼ、ぼく、本当に勝ったの?
22f_bt_speeches#525	わ、わたしにはそんな度胸ない!
22f_bt_speeches#526	て、照明に気を取られてたんだ!
22f_bt_speeches#527	オラガ カッタラ ハグ シテクレル?
22f_bt_speeches#528	勝てなくても、せめて知識は深められる。
22f_bt_speeches#529	ここで勝ちまくれば、昇進できるかもしれない!
22f_bt_speeches#530	たくさん勝てば、お母さんもそんなに心配しないかも...
22f_bt_speeches#531	あたしが勝ったら、てんしのキッスをあげる!
22f_bt_speeches#532	なんにせよ、年の功というものを教えてやろう。
22f_bt_speeches#533	きみとポケモンの間の信頼が一瞬でも揺らげば、わたしに勝つことはできない。
22f_bt_speeches#534	何より好きなものといえば、気持ちのいい勝利さ!
22f_bt_speeches#535	勝つつもりがなければ、負けてもたいして痛くはない。
22f_bt_speeches#536	バスケがしたくなったら、いつでも言ってくれ!
22f_bt_speeches#537	彼女を見かけたら、探してるって伝えてくれ!
22f_bt_speeches#538	自分が特別だと思うなら、それを証明する覚悟をしておけよ!
22f_bt_speeches#539	なかなかやるな、ふむ。
22f_bt_speeches#540	バトルでも何ごとでも、規律が大切だ。
22f_bt_speeches#541	興味深い... 人は敗北から何を学ぶのか。この経験から学べ。きみの物語はまだ続くのだからな!
22f_bt_speeches#542	おどしても効かなかったか。
22f_bt_speeches#543	それが本当に精一杯か? ばかばかしい!
22f_bt_speeches#544	ゴーストポケモンにつきまとわれてるのかな? だから眠れないのかも...
22f_bt_speeches#545	こうしてバトルするのって楽しくない?
22f_bt_speeches#546	すてきでしょう?
22f_bt_speeches#547	この施設、すばらしいと思わない?
22f_bt_speeches#548	われこそはロズレイドマスク!
22f_bt_speeches#549	われこそは偉大なる騎士フランカ!
22f_bt_speeches#550	すごくいい感じ!
22f_bt_speeches#551	それが大地を作った! そしてオレを強くしたんだ!
22f_bt_speeches#552	もう少し何か足りないわね。新しい帽子とか?
22f_bt_speeches#553	きみを見くびっていたようだ!
22f_bt_speeches#554	まだ準備ができていなかったようだ。
22f_bt_speeches#555	ただの仕事だったってことさ。
22f_bt_speeches#556	頂点への道は長い。
22f_bt_speeches#557	どんな電池でも超高速で充電できるんだ!
22f_bt_speeches#558	言ったとおりでしょう。私の予言は外れないの。
22f_bt_speeches#559	寒いのがどうしても苦手なんだ。
22f_bt_speeches#560	オレたちがリボーンシティ最強だからさ!
22f_bt_speeches#561	長い勤務だった。バトルでクールダウンといくか!
22f_bt_speeches#562	想像したことが現実になるって、うれしいものよね?
22f_bt_speeches#563	いいんだ。気にしないで。
22f_bt_speeches#564	やっぱりね。これからはファーストアルバムに集中するよ。
22f_bt_speeches#565	まるで防音壁みたいだな!
22f_bt_speeches#566	オレさまだ、最高のトレーナーにして最高の戦い手!
22f_bt_speeches#567	ぶっ飛ぶくらいすごい!
22f_bt_speeches#568	誕生日なのにお金をわたさなきゃいけないなんて...
22f_bt_speeches#569	今日はわたしの誕生日なの!
22f_bt_speeches#570	きみを倒すのがぼくの務めだ!
22f_bt_speeches#571	異なる考えを拒むのではなく、受け入れることでこそ、世界は化学反応を起こす。それこそが世界を変える方程式だ。
22f_bt_speeches#572	いいんだ。ぼくもいつも話したい気分ってわけじゃないから。
22f_bt_speeches#573	かなり過激だけど、ポケモンが守ってくれるんだ!
22f_bt_speeches#574	かなり過激だぞ。きみのポケモンに耐えられるとは思えないな。
22f_bt_speeches#575	本当は木の上の秘密基地なんだけどね...
22f_bt_speeches#576	すごく寒い! 誰か冷房を強くしてるの?
22f_bt_speeches#577	街がまたきれいになって、バトルするのも気持ちいいね。
22f_bt_speeches#578	いい天気だと思わない?
22f_bt_speeches#579	この会場をぶち上げる時間だ!
22f_bt_speeches#580	何ごともないふりをしててくれ、いいな? ところで、マーヴという名のカルト信者に会わなかったか?
22f_bt_speeches#581	わたしのポケモンには気をつけて。とても大切な子たちなの!
22f_bt_speeches#582	いつもどおりだ。
22f_bt_speeches#583	かかってこい! 大自然にきたえられた身体だ!
22f_bt_speeches#584	まさに求めていたものだ!
22f_bt_speeches#585	『ふしぎなアメ』には近づくなよ!
22f_bt_speeches#586	鍛練を続けろ。聞いた話じゃ、ここにはそれが必要らしい。
22f_bt_speeches#587	クソかっけえバトルをやろうぜ!
22f_bt_speeches#588	休憩前の最後のバトルだ!
22f_bt_speeches#589	このバトルで幸せを見つけさせて!
22f_bt_speeches#590	わたしのバトルスタイルをきみの記憶に刻みつけてやろう。
22f_bt_speeches#591	この乗り物から降ろしてくれ!
22f_bt_speeches#592	オレが書いたこの曲を聴かせてやるよ!
22f_bt_speeches#593	あなたのオーラを読ませて...
22f_bt_speeches#594	大自然に教わったものを見せてやろう。
22f_bt_speeches#595	さあ、ダンスの始まりよ!
22f_bt_speeches#596	このバトルで未来を決めよう!
22f_bt_speeches#597	おたがい本気で全力を出そう!
22f_bt_speeches#598	楽しいバトルにしようじゃないか。
22f_bt_speeches#599	あの方の仕事には本当に感謝してるって伝えてくれ。ここがやっと、また我が家のように思えるよ。
