13b_bt_trainer_names#160		Kale
13b_bt_trainer_names#161		Kameron
13b_bt_trainer_names#162		Karen
13b_bt_trainer_names#163		Karlee
13b_bt_trainer_names#164		Kathy
13b_bt_trainer_names#165		Kay
13b_bt_trainer_names#166		Kayden
13b_bt_trainer_names#167		Kelly
13b_bt_trainer_names#168		Kelsey
13b_bt_trainer_names#169		Kendra
13b_bt_trainer_names#170		Keon
13b_bt_trainer_names#171		Kim
13b_bt_trainer_names#172		Kirk
13b_bt_trainer_names#173		Knight
13b_bt_trainer_names#174		Kristen
13b_bt_trainer_names#175		Ksldr
13b_bt_trainer_names#176		Kyu
13b_bt_trainer_names#177		Lamar
13b_bt_trainer_names#178		Lauren
13b_bt_trainer_names#179		Lawson
13b_bt_trainer_names#180		Layton
13b_bt_trainer_names#181		Leon
13b_bt_trainer_names#182		Leslie
13b_bt_trainer_names#183		Lewis
13b_bt_trainer_names#184		Lexie
13b_bt_trainer_names#185		Liam
13b_bt_trainer_names#186		Liandra
13b_bt_trainer_names#187		Lilly
13b_bt_trainer_names#188		Lindi
13b_bt_trainer_names#189		Lizbeth
13b_bt_trainer_names#190		Logan
13b_bt_trainer_names#191		Lua
13b_bt_trainer_names#192		Luca
13b_bt_trainer_names#193		Lucy
13b_bt_trainer_names#194		Lukan
13b_bt_trainer_names#195		Lux
13b_bt_trainer_names#196		Lynn
13b_bt_trainer_names#197		Mac
13b_bt_trainer_names#198		Maddox
13b_bt_trainer_names#199		Maiko
13b_bt_trainer_names#200		Malik
13b_bt_trainer_names#201		Malory
13b_bt_trainer_names#202		Marck-Marie
13b_bt_trainer_names#203		Marco
13b_bt_trainer_names#204		Marcy
13b_bt_trainer_names#205		Marisa
13b_bt_trainer_names#206		Marv
13b_bt_trainer_names#207		Marvin
13b_bt_trainer_names#208		Mateo
13b_bt_trainer_names#209		Maura
13b_bt_trainer_names#210		Megan
13b_bt_trainer_names#211		Meghan
13b_bt_trainer_names#212		Melih
13b_bt_trainer_names#213		Melody
13b_bt_trainer_names#214		Miller
13b_bt_trainer_names#215		Mimi
13b_bt_trainer_names#216		Miranda
13b_bt_trainer_names#217		Miriam
13b_bt_trainer_names#218		Molly
13b_bt_trainer_names#219		Monroe
13b_bt_trainer_names#220		Nadia
13b_bt_trainer_names#221		Naria
13b_bt_trainer_names#222		Nash
13b_bt_trainer_names#223		Natalia
13b_bt_trainer_names#224		Nelisie
13b_bt_trainer_names#225		Nelson
13b_bt_trainer_names#226		Nestor
13b_bt_trainer_names#227		Ngoc
13b_bt_trainer_names#228		Nicki
13b_bt_trainer_names#229		Nico
13b_bt_trainer_names#230		Nik
13b_bt_trainer_names#231		Norton
13b_bt_trainer_names#232		Obligus
13b_bt_trainer_names#233		Oliver
13b_bt_trainer_names#234		Oscar
13b_bt_trainer_names#235		Paige
13b_bt_trainer_names#236		Pamela
13b_bt_trainer_names#237		Park
13b_bt_trainer_names#238		Payson
13b_bt_trainer_names#239		Pedro
13b_bt_trainer_names#240		Peter
13b_bt_trainer_names#241		Peyton
13b_bt_trainer_names#242		Piper
13b_bt_trainer_names#243		Pyrros
13b_bt_trainer_names#244		Quinton
13b_bt_trainer_names#245		Rafael
13b_bt_trainer_names#246		Ramon
13b_bt_trainer_names#247		Raul
13b_bt_trainer_names#248		Raven
13b_bt_trainer_names#249		Raymond
13b_bt_trainer_names#250		Rayna
13b_bt_trainer_names#251		Reena
13b_bt_trainer_names#252		Reese
13b_bt_trainer_names#253		Rexie
13b_bt_trainer_names#254		Ro
13b_bt_trainer_names#255		Roberto
13b_bt_trainer_names#256		Rolando
13b_bt_trainer_names#257		Rossi
13b_bt_trainer_names#258		Ruben
13b_bt_trainer_names#259		Ruth
13b_bt_trainer_names#260		Rylie
13b_bt_trainer_names#261		Salma
13b_bt_trainer_names#262		Sameer
13b_bt_trainer_names#263		Sammy
13b_bt_trainer_names#264		Sassacus
13b_bt_trainer_names#265		Selphy
13b_bt_trainer_names#266		Seyon
13b_bt_trainer_names#267		Shania
13b_bt_trainer_names#268		Shea
13b_bt_trainer_names#269		Shiro
13b_bt_trainer_names#270		Shizuka
13b_bt_trainer_names#271		Skrubb
13b_bt_trainer_names#272		Skyler
13b_bt_trainer_names#273		Sofia
13b_bt_trainer_names#274		Sol
13b_bt_trainer_names#275		Stacy
13b_bt_trainer_names#276		Stanly
13b_bt_trainer_names#277		Stella
13b_bt_trainer_names#278		Stray
13b_bt_trainer_names#279		Stuart
13b_bt_trainer_names#280		TJ
13b_bt_trainer_names#281		Taranis
13b_bt_trainer_names#282		Tess
13b_bt_trainer_names#283		Theo
13b_bt_trainer_names#284		Thomas
13b_bt_trainer_names#285		Tim
13b_bt_trainer_names#286		Toby
13b_bt_trainer_names#287		Todd
13b_bt_trainer_names#288		Torre
13b_bt_trainer_names#289		Trenton
13b_bt_trainer_names#290		Trevon
13b_bt_trainer_names#291		Triston
13b_bt_trainer_names#292		Tylor
13b_bt_trainer_names#293		Ulysses
13b_bt_trainer_names#294		Valeria
13b_bt_trainer_names#295		Veno
13b_bt_trainer_names#296		Victor
13b_bt_trainer_names#297		Vince
13b_bt_trainer_names#298		Warner
13b_bt_trainer_names#299		Westley
13b_bt_trainer_names#300		Weston
13b_bt_trainer_names#301		Xes
13b_bt_trainer_names#302		Yarrow
13b_bt_trainer_names#303		Yazmin
13b_bt_trainer_names#304		Yuri
13b_bt_trainer_names#305		ZOE
13b_bt_trainer_names#306		Zackary
13b_bt_trainer_names#307		Zaki
13b_bt_trainer_names#308		Zoey
